{
  "type": "ecmascript",
  "id": "opensubtitles",
  "file": "opensubtitles.js",
  "category": "subtitles",
  "showtimeVersion": "5.0.401",
  "apiversion": 2,
  "version": "2.3.3",
  "author": "Andreas Smas",
  "title": "Opensubtitles",
  "icon": "logo.jpg",
  "synopsis": "Biggest multi-language subtitle database",
  "homepage":"http://www.opensubtitles.org/",
  "description":"Installing this plugin will make Movian automatically search for subtitles online at opensubtitles.org when playing a movie"
}
